{
  "id": "pf2e-character-master",
  "title": "PF2e Character Master",
  "description": "Мастер по созданию и прокачке персонажей для Pathfinder 2e.",
  "version": "0.1.0",
  "type": "module",
  "authors": [
    {
      "name": "Ваш Ник",
      "email": "",
      "url": ""
    }
  ],
  "compatibility": {
    "minimum": "12",
    "verified": "13"
  },
  "relationships": {
    "systems": [
      {
        "id": "pf2e",
        "type": "system",
        "compatibility": {
          "minimum": "5.0.0"
        }
      }
    ]
  },
  "scripts": [
    "scripts/apps/character-master.js",
    "scripts/main.js",
    "scripts/apps/steps/ancestry-step.js",
    "scripts/apps/steps/heritage-step.js",
    "scripts/apps/steps/background-step.js",
    "scripts/apps/steps/class-step.js",
    "scripts/apps/steps/subclass-step.js"
  ],
  "styles": [
    "styles/character-master.css"
  ],
  "languages": [
    {
      "lang": "ru",
      "name": "Русский",
      "path": "lang/ru.json"
    },
    {
      "lang": "en",
      "name": "English",
      "path": "lang/en.json"
    }
  ],
  "url": "",
  "manifest": "",
  "download": ""
}
